{"initial_reset_timestamp": 12361.332883413, "timestamps": [12368.261400719, 12374.415726877, 12379.994795469, 12385.706079714, 12394.008030915, 12399.170161504, 12404.112903039, 12417.212873327, 12422.902778563, 12427.635245223, 12432.601590507, 12437.252160996, 12442.99558437, 12451.416965296, 12456.83571836, 12462.342267741, 12466.964798517, 12472.208715723, 12477.367516608, 12484.197514388, 12492.661785888, 12499.258952387, 12504.724419749, 12510.50391713, 12516.87359091, 12527.774761021, 12532.81468312, 12537.420844411, 12545.631160267, 12551.131979052, 12556.132502377, 12561.513922721, 12566.599723335, 12571.691865289, 12577.808850442, 12585.601055118, 12591.569677936, 12596.690234534, 12601.451098632, 12606.612436975, 12619.464665739, 12625.103003429, 12633.171321103, 12638.622357817, 12644.386142857, 12650.264503219, 12656.280632748, 12663.425021831, 12668.974978945, 12674.898270464, 12679.938592067, 12684.220932747, 12689.70898757, 12696.66882429, 12702.209255486, 12707.485350007, 12713.020009937, 12718.263173519, 12723.003853715, 12727.818455643, 12735.248800977, 12740.636170518, 12745.968416369, 12751.249558327, 12756.638479159, 12762.042742295, 12766.583028215, 12771.633457309, 12776.640861253, 12780.845774861], "episode_lengths": [456, 440, 400, 405, 434, 361, 123, 471, 174, 163, 172, 161, 200, 297, 381, 139, 168, 192, 330, 481, 446, 304, 156, 220, 240, 420, 189, 171, 323, 387, 158, 201, 313, 353, 397, 393, 429, 136, 178, 195, 498, 225, 413, 390, 411, 419, 391, 349, 393, 419, 302, 121, 372, 335, 380, 327, 396, 372, 117, 119, 255, 380, 134, 131, 203, 203, 168, 191, 185, 154], "episode_rewards": [-335.1202415362796, -320.600861621452, -289.5980060741403, -300.8304480559491, -314.654113709402, -276.1489882610099, -82.87784195768042, -714.0884233491405, -130.6491352400193, -112.76159356809181, -121.59075360276294, -117.51066085220002, -145.70878744710933, -219.25190202920524, -259.6690420999954, -97.69262910388127, -111.4962504194188, -138.28168098999566, -217.64897651222046, -358.04652417608384, -342.26876641383467, -201.02008511304967, -113.65707930404736, -172.68974433616552, -172.04044328510187, -552.5863527485863, -151.5180299143184, -108.72795942809515, -228.5864625096424, -284.56535274134046, -105.81335995363119, -162.41248600446647, -197.309332196547, -245.01460103122994, -311.38981776664696, -283.7979823895478, -313.2436193722208, -95.61856214216034, -124.98191742059612, -139.42335495046862, -678.9417071876599, -166.00211202890603, -304.703271493948, -263.7774929085326, -295.7844102763828, -304.1036937574606, -275.0366092028675, -243.82750843303162, -323.91186216850616, -301.03605359286877, -206.80780641590354, -78.1196127928894, -266.7793501454459, -229.98631984659275, -291.2597639800236, -233.4398201032811, -286.435369909847, -271.7393093173426, -89.37372144316639, -84.29327408053436, -164.35493496233724, -270.0948676124341, -97.62760341880666, -95.18879886473434, -145.76490495145447, -161.50634823454223, -114.10191385365164, -134.59905141743107, -126.08921578418514, -107.6305065028595], "episode_types": ["t", "t", "t", "t", "t", "t", "t", "t", "t", "t", "t", "t", "t", "t", "t", "t", "t", "t", "t", "t", "t", "t", "t", "t", "t", "t", "t", "t", "t", "t", "t", "t", "t", "t", "t", "t", "t", "t", "t", "t", "t", "t", "t", "t", "t", "t", "t", "t", "t", "t", "t", "t", "t", "t", "t", "t", "t", "t", "t", "t", "t", "t", "t", "t", "t", "t", "t", "t", "t", "t", "t"]}